time_sec,kernel_ts_sec,elapsed_sec,calls,segs,bytes,throughput_mib_s,avg_us,queue_wait_us,mcp_read_us,parse_us,copy_us,notify_us,complete_us,mcp_ready,parse_fail,copy_done,read_done,fallback,mode,bottleneck_component,bottleneck_value_us,bottleneck_code,queue_wait_share_pct,notify_share_pct
1.0,80.113089,0.0,25344.0,25344.0,103809024.0,99.0,34.3,42.59,0.13,0.01,0.58,32.05,1.35,25337.0,0.0,25344.0,0.0,0.0,relaxed,queue_wait,42.59,0.0,55.52079259548951,41.780732629383394
2.0,81.113411,1.000321999999997,22306.0,22306.0,91365376.0,87.1328125,38.08,61.37,0.17,0.02,0.95,34.89,1.86,22305.0,0.0,22306.0,0.0,0.0,relaxed,queue_wait,61.37,0.0,61.82752367519646,35.150110820068505
3.0,82.113724,2.0006350000000026,24855.0,24855.0,101806080.0,97.08984375,34.88,50.25,0.14,0.01,0.78,32.23,1.55,24854.0,0.0,24855.0,0.0,0.0,relaxed,queue_wait,50.25,0.0,59.1454802259887,37.935499058380415
4.0,83.114007,3.0009179999999986,22510.0,22510.0,92200960.0,87.9296875,38.04,59.97,0.16,0.01,0.94,34.81,1.93,22510.0,0.0,22510.0,0.0,0.0,relaxed,queue_wait,59.97,0.0,61.30648129216928,35.58576978123083
5.0,84.114271,4.001182,23743.0,23743.0,97251328.0,92.74609375,36.22,53.59,0.14,0.01,0.84,33.33,1.71,23744.0,0.0,23743.0,0.0,0.0,relaxed,queue_wait,53.59,0.0,59.79692033028342,37.19035929480026
6.0,85.114677,5.001587999999998,21694.0,21694.0,88858624.0,84.7421875,38.92,65.32,0.17,0.01,1.48,35.14,1.93,21694.0,0.0,21694.0,0.0,0.0,relaxed,queue_wait,65.32,0.0,62.77751081210955,33.7722248918789
7.0,86.114916,6.001826999999992,22702.0,22702.0,92987392.0,88.6796875,38.11,64.56,0.16,0.02,1.93,33.84,1.98,22710.0,0.0,22702.0,0.0,0.0,relaxed,queue_wait,64.56,0.0,62.99151136696263,33.01785540052688
8.0,87.115147,7.002057999999991,23781.0,23781.0,97406976.0,92.89453125,35.99,51.48,0.16,0.01,1.71,32.26,1.66,23772.0,0.0,23781.0,0.0,0.0,relaxed,queue_wait,51.48,0.0,58.982584784601286,36.961503208066
9.0,88.115367,8.002278000000004,21984.0,21984.0,90046464.0,85.875,39.05,61.57,0.15,0.01,2.21,34.72,1.77,21984.0,0.0,21984.0,0.0,0.0,relaxed,queue_wait,61.57,0.0,61.30638255501345,34.571343224136214
10.0,89.115627,9.002538000000001,24585.0,24585.0,100700160.0,96.03515625,36.01,63.26,0.14,0.01,2.33,31.9,1.44,24586.0,0.0,24585.0,0.0,0.0,relaxed,queue_wait,63.26,0.0,63.84739604360114,32.19620508679854
11.0,90.115938,10.002848999999998,21664.0,21664.0,88735744.0,84.625,38.84,66.99,0.14,0.01,1.53,35.2,1.78,21664.0,0.0,21664.0,0.0,0.0,relaxed,queue_wait,66.99,0.0,63.407477520113574,33.317557974443915
12.0,91.116141,11.003051999999997,23342.0,23342.0,95608832.0,91.1796875,37.44,47.69,0.14,0.01,1.06,34.59,1.46,23342.0,0.0,23342.0,0.0,0.0,relaxed,queue_wait,47.69,0.0,56.138905238375514,40.71806945261919
13.0,92.11633,12.003241000000003,20075.0,20075.0,82227200.0,78.41796875,41.68,67.67,0.17,0.01,1.11,38.19,2.0,20075.0,0.0,20075.0,0.0,0.0,relaxed,queue_wait,67.67,0.0,61.997251488776904,34.9885478699038
14.0,93.116512,13.003422999999998,25452.0,25452.0,104251392.0,99.421875,34.48,44.44,0.13,0.01,0.94,31.87,1.35,25453.0,0.0,25452.0,0.0,0.0,relaxed,queue_wait,44.44,0.0,56.43891287782575,40.4749809499619
15.0,94.116686,14.003597,25353.0,25353.0,103845888.0,99.03515625,34.4,42.92,0.14,0.01,0.53,32.14,1.39,25352.0,0.0,25353.0,0.0,0.0,relaxed,queue_wait,42.92,0.0,55.646311422274074,41.66990794762089
16.0,95.116864,15.003775000000005,26221.0,26221.0,107401216.0,102.42578125,33.4,39.89,0.13,0.01,0.28,31.54,1.26,26220.0,0.0,26221.0,0.0,0.0,relaxed,queue_wait,39.89,0.0,54.56161947749965,43.14047325947202
17.0,96.117018,16.003929,24046.0,24046.0,98492416.0,93.9296875,36.35,43.03,0.14,0.01,0.33,34.27,1.41,24047.0,0.0,24046.0,0.0,0.0,relaxed,queue_wait,43.03,0.0,54.337668897588074,43.27566611945953
18.0,97.117178,17.004088999999993,24644.0,24644.0,100941824.0,96.265625,35.13,42.62,0.13,0.01,0.31,33.13,1.36,24644.0,0.0,24644.0,0.0,0.0,relaxed,queue_wait,42.62,0.0,54.95100567302733,42.71531717380093
19.0,98.117333,18.004244,25820.0,25820.0,105758720.0,100.859375,33.9,41.1,0.14,0.01,0.3,31.99,1.28,25820.0,0.0,25820.0,0.0,0.0,relaxed,queue_wait,41.1,0.0,54.9318364073777,42.75594760759155
20.0,99.118552,19.005462999999992,12143.0,12143.0,49737728.0,47.43359375,58.58,107.26,0.53,0.02,0.91,51.11,5.51,12142.0,0.0,12143.0,0.0,0.0,relaxed,queue_wait,107.26,0.0,64.87238417805735,30.912059997580744
21.0,104.120632,24.007543,23192.0,23192.0,94994432.0,90.59375,36.74,53.45,0.16,0.01,1.84,32.55,1.96,23193.0,0.0,23192.0,0.0,0.0,relaxed,queue_wait,53.45,0.0,59.408691786150946,36.178726242080685
22.0,105.120896,25.007807,25284.0,25284.0,103563264.0,98.765625,34.61,44.24,0.13,0.01,0.75,32.24,1.31,25287.0,0.0,25284.0,0.0,0.0,relaxed,queue_wait,44.24,0.0,56.22775800711744,40.97610574478902
23.0,106.121023,26.00793399999999,22725.0,22725.0,93081600.0,88.76953125,38.35,54.42,0.14,0.01,0.79,35.57,1.65,22722.0,0.0,22725.0,0.0,0.0,relaxed,queue_wait,54.42,0.0,58.78159429682436,38.42082523223157
24.0,107.121138,27.008049,24239.0,24239.0,99282944.0,94.68359375,35.8,50.76,0.14,0.01,0.73,33.18,1.56,24239.0,0.0,24239.0,0.0,0.0,relaxed,queue_wait,50.76,0.0,58.763602685806894,38.411669367909234
25.0,108.121324,28.008235,24902.0,24902.0,101998592.0,97.2734375,35.41,42.53,0.13,0.01,0.57,33.16,1.38,24902.0,0.0,24902.0,0.0,0.0,relaxed,queue_wait,42.53,0.0,54.679866289534594,42.633067626639246
